Q1,Q2,Q3,XCoordEndEff,YCoordEndEff,TotalAngle
1.412,-2.546,0.965,17.435,-7.12,-9.683
2.29,-0.272,0.055,-21.625,35.628,118.774
2.146,-0.396,-0.046,-12.334,39.342,97.632
0.726,-2.029,-1.435,10.773,-14.278,-156.876
1.086,-0.021,-0.018,20.185,36.828,59.989
1.07,-2.878,0.979,5.606,-13.527,-47.498
1.197,-0.212,1.342,13.158,35.73,133.327
2.842,-1.032,0.597,-23.041,29.527,137.911
2.49,-2.35,0.878,13.804,16.667,58.327
0.028,-2.569,-1.318,-8.677,-8.096,-221.104
2.893,-0.126,-1.311,-33.357,17.455,83.423
1.714,-2.039,0.579,24.658,8.34,14.553
3.026,-2.611,0.806,8.282,16.122,69.958
1.346,-2.819,0.229,7.195,-13.93,-71.276
1.247,-1.865,-0.033,27.158,-3.11,-37.3
0.402,-0.503,0.977,38.613,7.869,50.191
2.767,-2.157,0.414,8.123,22.851,58.671
1.245,-1.077,-1.336,28.523,11.422,-66.921
0.376,-2.263,0.193,5.443,-21.723,-97.059
0.505,-0.272,0.603,37.681,16.305,47.899
1.159,-0.859,0.145,32.037,21.914,25.497
2.614,-0.561,0.243,-26.278,31.03,131.551
0.336,-1.224,-1.204,24.111,-17.655,-119.863
1.613,-2.09,1.415,22.502,8.725,53.743
0.956,-2.128,0.095,19.462,-14.12,-61.708
2.699,-1.341,-1.156,-2.127,28.704,11.574
2.901,-2.863,0.775,12.511,8.53,46.581
1.701,-0.629,-1.247,14.615,32.156,-10.027
2.909,-2.892,-1.353,9.77,-2.234,-76.547
1.224,-2.379,0.894,19.441,-8.507,-14.954
0.912,-2.374,0.526,14.517,-15.631,-53.629
2.41,-2.641,-1.534,9.84,-1.571,-101.127
0.21,-1.815,-0.715,8.854,-23.462,-132.926
1.045,-2.16,-1.169,12.785,-12.183,-130.864
3.032,-2.033,-1.361,3.6,17.907,-20.741
0.901,-2.785,1.458,7.377,-12.434,-24.408
1.843,-0.675,-1.365,10.744,32.549,-11.287
0.351,-0.501,1.544,35.955,7.433,79.87
2.089,-1.016,0.65,2.661,37.423,98.721
1.836,-0.8,-0.641,13.081,34.748,22.632
2.401,-1.278,-0.696,4.654,31.762,24.465
1.977,-1.034,0.333,9.134,36.407,73.109
2.429,-2.454,-1.146,13.735,3.076,-67.093
0.101,-1.603,-0.708,11.862,-25.352,-126.624
0.17,-1.917,0.931,14.053,-23.661,-46.753
2.29,-1.233,1.408,-3.089,33.449,141.234
1.063,-2.261,0.202,18.082,-13.291,-57.067
0.271,-1.168,-1.119,24.632,-18.859,-115.508
1.21,-3.017,-0.399,-3.766,-13.12,-126.394
0.279,-0.352,-0.048,41.356,1.527,-6.933
2.951,-1.024,-1.405,-16.217,26.263,29.908
1.075,-0.152,0.584,20.318,35.845,86.345
2.662,-2.021,-0.29,10.847,21.679,20.111
1.374,-1.612,0.525,29.872,10.242,16.444
1.763,-2.717,-0.476,10.893,-10.145,-81.933
2.052,-0.89,0.825,-0.16,38.085,113.847
1.627,-0.477,-1.539,13.752,31.783,-22.288
2.889,-2.782,-0.462,13.944,3.763,-20.34
2.958,-0.936,0.209,-27.037,27.093,127.827
2.427,-0.873,-0.563,-6.918,36.191,56.78
0.956,-1.589,0.301,31.485,-3.534,-19.022
2.734,-1.891,1.099,-0.395,27.567,111.268
2.583,-0.19,0.562,-33.886,23.506,169.309
0.964,-1.509,-0.392,30.349,-4.739,-53.686
1.242,-2.268,-0.668,15.185,-11.52,-97.059
0.209,-0.856,1.089,36.672,-7.79,25.325
0.363,-1.803,-0.937,11.627,-20.994,-136.192
2.117,-1.289,-1.304,12.94,25.418,-27.273
2.064,-0.348,0.094,-11.233,39.929,103.705
2.371,-3.127,0.035,10.469,-9.301,-41.31
1.583,-1.048,-1.432,22.499,20.527,-51.394
2.912,-3.033,-1.386,8.589,-5.457,-86.345
0.001,-2.616,0.423,-8.512,-15.922,-125.592
1.469,-2.518,-1.339,8.013,-9.25,-136.822
0.404,-2.956,0.48,-8.296,-11.991,-118.717
0.039,-1.779,-0.167,8.305,-26.804,-109.263
2.716,-0.535,0.506,-30.749,26.444,153.954
2.098,-1.308,-1.114,14.129,25.817,-18.564
1.856,-1.423,1.475,14.046,28.328,109.32
1.602,-0.376,1.121,2.796,38.98,134.473
1.301,-1.761,-1.064,23.725,-2.267,-87.319
0.402,-0.931,0.022,37.122,-8.538,-29.049
0.63,-0.523,-0.479,38.776,8.417,-21.314
0.074,-0.165,1.408,37.377,4.844,75.459
1.716,-1.654,-0.094,25.929,15.024,-1.833
3.051,-1.467,1.418,-20.175,24.099,172.002
0.978,-1.873,-0.299,23.791,-11.132,-68.411
1.786,-2.017,-0.408,23.242,5.062,-36.612
0.255,-2.105,0.992,11.408,-22.156,-49.16
1.894,-0.394,-0.021,-2.34,41.195,84.74
1.02,-0.105,0.821,19.756,35.284,99.465
1.465,-1.651,-0.239,28.565,7.379,-24.351
0.039,-1.915,0.98,11.127,-25.122,-51.337
0.778,-3.061,0.249,-7.086,-12.194,-116.54
1.984,-0.573,-0.055,-0.842,40.404,77.693
2.136,-1.411,0.871,8.818,32.41,91.444
0.061,-0.346,1.137,39.037,-0.816,48.816
3.045,-1.489,-0.779,-9.331,27.555,44.519
0.835,-1.353,-0.385,32.226,-5.226,-51.738
1.956,-0.256,-1.2,-2.83,37.667,28.648
0.832,-2.815,0.062,-1.445,-15.443,-110.065
3.072,-2.043,-0.256,1.674,24.012,44.29
2.988,-2.131,-1.121,6.361,17.206,-15.126
0.81,-0.995,-0.901,34.074,0.785,-62.223
2.831,-0.033,-0.73,-36.906,16.963,118.488
0.042,-0.938,-1.272,24.358,-21.552,-124.217
1.367,-1.49,-0.997,27.281,5.61,-64.171
0.037,-3.051,0.392,-13.039,-5.261,-150.23
2.559,-2.255,-0.727,14.772,11.825,-24.236
2.659,-2.77,-0.72,13.508,-0.372,-47.613
1.122,-2.977,-0.902,-5.656,-10.755,-157.964
0.536,-3.0,0.575,-6.98,-12.341,-108.232
2.167,-0.549,-0.42,-6.714,39.148,68.64
0.64,-0.024,-0.602,35.185,21.156,0.802
0.013,-1.827,-1.18,2.766,-22.053,-171.544
2.166,-3.12,-1.487,0.289,-10.222,-139.859
1.875,-0.881,0.737,6.847,37.721,99.179
1.677,-1.812,-1.481,20.045,4.966,-92.59
1.409,-2.285,-1.217,13.348,-8.283,-119.92
0.255,-0.04,1.566,33.789,14.093,102.044
0.987,-2.121,-0.113,18.933,-13.941,-71.448
1.038,-1.143,0.293,34.884,10.875,10.772
0.895,-1.059,0.645,35.781,10.107,27.559
0.853,-0.967,-0.386,36.331,5.166,-28.648
0.899,-2.127,-0.806,13.427,-15.13,-116.54
2.229,-2.551,-1.051,13.485,-1.77,-78.667
2.32,-2.372,1.182,14.995,14.534,64.744
3.126,-2.805,1.126,7.619,13.114,82.907
2.965,-1.681,0.559,-9.172,29.34,105.596
1.35,-0.579,1.397,15.471,33.952,124.217
1.147,-0.857,0.35,31.651,22.636,36.669
0.501,-2.395,-1.368,-0.664,-13.416,-186.899
2.836,-2.238,1.275,3.045,22.326,107.315
0.916,-0.486,0.575,31.74,25.341,57.582
0.156,-2.332,0.754,2.203,-21.851,-81.475
1.542,-2.73,1.278,14.596,-5.874,5.157
1.836,-0.224,-0.018,-4.715,41.49,91.329
0.612,-0.686,-0.269,39.049,4.399,-19.652
0.537,-1.911,0.566,20.477,-18.751,-46.295
0.617,-2.611,-1.336,-3.51,-10.835,-190.795
2.244,-1.204,-0.985,8.399,30.248,3.151
1.547,-0.518,-1.445,17.166,30.421,-23.835
0.325,-0.054,1.272,34.631,16.357,88.407
3.101,-0.369,0.769,-39.785,7.219,200.593
0.029,-1.745,-0.756,6.106,-25.087,-141.635
0.641,-1.095,-1.498,28.76,-6.846,-111.841
0.751,-0.197,-1.159,33.879,17.715,-34.664
1.881,-2.573,-0.331,15.791,-5.828,-58.614
2.543,-2.849,0.253,15.404,0.943,-3.037
0.54,-0.478,-0.156,39.939,7.998,-5.386
0.242,-1.721,-0.47,13.393,-24.128,-111.669
3.059,-2.71,-0.271,12.703,9.146,4.469
0.61,-2.917,1.164,-0.808,-13.742,-65.489
1.221,-3.057,1.142,3.644,-11.916,-39.763
1.953,-2.595,1.106,17.764,2.501,26.585
2.723,-1.603,-1.188,2.78,25.085,-3.896
0.17,-1.293,0.078,26.335,-22.652,-59.874
0.978,-1.608,-1.432,22.768,-6.64,-118.144
1.806,-1.008,-0.743,18.087,29.696,3.151
1.834,-1.976,0.156,24.136,10.488,0.802
1.674,-2.864,-1.051,3.007,-11.201,-128.4
0.094,-1.19,0.048,26.991,-23.451,-60.046
2.037,-1.041,-1.144,11.602,30.086,-8.48
1.406,-0.174,-0.472,13.957,38.693,43.545
2.971,-0.696,-0.69,-28.125,25.143,90.814
0.4,-1.227,-1.204,25.126,-16.114,-116.368
2.615,-0.338,0.902,-32.376,23.55,182.143
1.644,-1.564,0.665,25.316,19.788,42.685
2.246,-0.829,-0.968,0.025,35.273,25.726
2.366,-0.533,-1.143,-11.071,34.869,39.534
0.239,-2.93,0.21,-10.94,-9.948,-142.151
0.263,-0.627,0.452,40.054,-3.665,5.042
0.569,-1.761,0.026,22.293,-18.412,-66.807
2.729,-0.957,-1.37,-11.7,29.518,23.033
0.789,-2.385,1.037,14.396,-15.24,-32.028
0.714,-2.435,-1.032,1.736,-14.858,-157.735
1.633,-0.278,-1.07,9.598,37.15,16.329
2.839,-0.127,0.712,-39.127,11.663,196.181
1.188,-2.825,-1.048,-1.612,-11.61,-153.839
2.547,-1.612,-0.278,6.218,29.208,37.643
1.051,-0.275,-1.013,28.488,26.152,-13.579
0.702,-1.004,-0.608,35.377,-2.24,-52.139
2.716,-0.535,0.023,-28.908,28.647,126.28
0.392,-0.562,-0.202,40.211,-0.554,-21.314
0.08,-1.066,0.423,31.174,-20.428,-32.258
1.726,-2.014,1.102,23.049,11.945,46.639
1.972,-1.715,-0.939,20.468,14.698,-39.076
0.54,-0.56,0.068,39.997,7.046,2.75
2.66,-1.099,0.815,-16.518,32.641,136.135
0.808,-0.442,1.113,30.766,23.969,84.74
0.76,-0.387,1.338,29.796,23.603,98.033
0.513,-1.13,0.565,36.133,-6.17,-2.979
0.497,-2.958,0.552,-6.783,-12.829,-109.378
1.588,-2.279,-1.402,13.72,-5.223,-119.92
2.04,-2.599,-0.305,16.217,-3.743,-49.504
0.491,-1.399,-0.979,24.017,-16.443,-108.117
2.465,-0.216,-0.378,-26.493,31.629,107.2
1.966,-1.333,-0.178,17.737,28.572,26.07
1.288,-0.416,0.435,19.624,36.08,74.886
2.247,-0.695,0.34,-10.242,38.609,108.404
2.07,-0.297,0.445,-14.738,38.63,127.082
0.86,-2.265,1.402,18.765,-11.107,-0.172
0.794,-2.057,-1.267,11.567,-14.427,-144.958
0.174,-2.079,0.567,7.956,-24.197,-76.662
0.194,-1.674,-0.83,11.69,-23.644,-132.353
1.857,-2.211,-1.313,16.107,-0.168,-95.512
2.728,-0.889,0.637,-23.369,30.545,141.864
1.237,-1.2,-1.559,26.864,8.048,-87.204
0.089,-0.253,-0.861,38.764,-7.476,-58.728
1.788,-2.55,-1.041,11.518,-7.356,-103.304
1.932,-1.51,1.334,14.017,28.005,100.611
1.674,-2.846,1.456,12.86,-4.667,16.272
1.12,-2.138,-1.24,13.845,-10.76,-129.374
2.794,-0.928,-0.52,-18.226,31.666,77.12
0.066,-2.84,1.321,-5.856,-12.941,-83.251
0.663,-0.326,-0.557,37.652,14.582,-12.605
2.46,-3.046,-0.177,11.794,-7.493,-43.717
0.294,-2.233,1.158,9.742,-20.692,-44.748
0.42,-2.374,-0.784,-0.96,-17.052,-156.876
0.799,-0.795,-1.521,32.086,4.13,-86.918
2.56,-0.299,-0.438,-27.203,30.466,104.45
1.315,-1.432,-1.193,26.939,5.179,-75.057
0.444,-1.053,1.545,34.246,-1.74,53.629
2.984,-1.453,0.661,-16.443,29.059,125.592
1.953,-2.845,0.601,14.339,-5.855,-16.673
0.655,-0.87,-0.78,35.863,-1.198,-57.009
0.004,-0.183,-0.377,40.745,-7.028,-31.856
1.391,-1.449,-0.28,30.127,10.509,-19.366
2.133,-2.68,0.851,17.052,2.198,17.418
3.124,-3.079,0.414,13.359,3.894,26.299
2.631,-1.185,1.277,-14.958,31.109,156.016
0.978,-0.34,0.368,28.705,29.783,57.64
0.741,-0.95,-0.723,35.428,0.069,-53.4
2.022,-0.442,-1.196,-0.744,36.846,22.002
2.326,-1.295,0.95,-0.682,34.568,113.503
1.295,-1.899,1.223,26.807,4.458,35.466
2.11,-0.46,0.187,-10.507,39.733,105.252
2.278,-2.516,0.575,17.946,7.44,19.309
2.525,-0.542,1.09,-26.222,28.664,176.07
2.925,-1.302,-1.362,-9.024,26.527,14.954
2.216,-0.58,-0.483,-7.418,38.623,66.062
0.905,-3.078,0.25,-5.884,-12.752,-110.18
2.878,-2.383,-0.357,11.786,14.924,7.907
1.297,-0.189,-0.844,19.4,34.73,15.126
1.728,-1.031,-0.748,20.669,27.644,-2.922
0.035,-2.853,-1.502,-9.161,-0.962,-247.518
2.298,-0.144,-1.521,-16.585,32.371,36.268
0.04,-1.232,1.315,28.079,-19.144,7.047
2.97,-1.147,-1.193,-14.436,27.229,36.096
1.567,-2.762,-0.034,10.139,-12.118,-70.417
0.909,-2.29,-1.234,7.567,-13.576,-149.828
2.815,-1.465,0.846,-11.953,30.822,125.822
0.64,-1.024,-0.63,34.798,-4.975,-58.098
2.438,-2.307,0.802,14.709,16.752,53.457
1.991,-0.417,-0.672,-2.061,39.489,51.681
2.435,-1.377,-0.396,4.878,31.948,37.93
0.053,-0.212,0.956,39.896,1.55,45.665
0.585,-1.103,-1.046,30.827,-9.162,-89.611
2.778,-1.11,-0.785,-11.411,31.511,50.592
0.331,-2.028,-0.563,6.655,-21.906,-129.488
2.496,-0.462,1.045,-27.001,28.48,176.414
0.097,-0.566,0.107,39.17,-10.713,-20.741
1.255,-1.818,-1.325,21.081,-4.135,-108.174
2.803,-0.796,-0.543,-21.861,30.556,83.881
1.065,-0.681,0.375,31.534,24.618,43.487
2.527,-0.873,-1.398,-7.462,31.516,14.668
1.352,-0.219,-1.266,18.313,32.796,-7.62
3.096,-2.89,-0.193,13.549,5.216,0.745
0.872,-1.21,0.298,35.757,3.183,-2.292
0.466,-3.095,0.398,-10.345,-9.238,-127.827
1.483,-0.592,0.446,16.448,36.892,76.604
0.455,-2.226,1.218,13.306,-18.56,-31.685
0.186,-0.978,1.128,34.876,-11.091,19.251
0.574,-2.246,-1.093,3.954,-16.492,-158.423
0.594,-1.883,-1.447,12.207,-15.664,-156.761
2.648,-1.678,0.955,-1.973,30.408,110.294
2.857,-2.34,1.295,4.255,20.631,103.82
2.464,-0.634,-0.525,-14.97,35.831,74.771
1.467,-1.412,-1.385,24.848,9.307,-76.203
2.874,-2.005,0.396,2.508,26.224,72.479
2.392,-0.872,-1.387,-3.183,32.306,7.62
0.823,-1.381,1.062,33.437,1.513,28.877
3.006,-1.287,0.633,-21.345,27.912,134.76
1.714,-0.125,-1.184,3.116,38.217,23.205
1.761,-0.88,0.888,10.172,36.6,101.356
0.023,-1.133,1.523,29.274,-16.975,23.663
2.461,-1.779,0.621,7.786,28.463,74.656
0.731,-0.482,1.286,31.959,20.764,87.949
2.227,-1.055,-1.005,5.918,32.363,9.568
1.622,-0.299,0.911,0.985,40.038,127.999
1.069,-1.029,-1.339,30.327,7.374,-74.427
2.576,-2.591,-0.017,16.175,6.981,-1.833
2.467,-2.181,-1.533,12.082,9.262,-71.448
1.836,-0.531,-0.853,7.507,37.359,25.898
0.303,-1.9,-0.078,12.162,-23.783,-95.97
0.399,-2.507,0.2,-0.343,-19.124,-109.32
0.534,-3.017,1.271,-3.241,-11.956,-69.442
3.009,-2.174,0.627,1.54,24.124,83.766
1.503,-3.102,-0.458,-2.476,-13.328,-117.857
0.434,-3.039,1.411,-3.998,-10.939,-68.411
0.051,-1.569,0.45,18.034,-26.513,-61.192
2.168,-1.391,0.398,10.127,32.538,67.323
2.832,-0.285,-0.191,-35.801,20.833,134.989
1.205,-1.787,1.099,28.602,3.946,29.622
0.803,-2.347,-0.513,7.51,-17.225,-117.857
0.537,-0.197,-0.913,37.812,11.246,-32.83
3.113,-1.767,-0.92,-3.627,24.326,24.408
0.58,-1.649,-0.161,24.298,-17.27,-70.474
1.029,-1.997,0.421,24.817,-9.248,-31.341
2.314,-1.192,-0.101,3.207,35.245,58.499
0.225,-1.428,-0.523,20.63,-23.333,-98.893
0.917,-2.011,-1.266,14.353,-12.66,-135.218
2.479,-2.96,-0.416,12.21,-6.255,-51.394
2.244,-2.838,-1.46,6.715,-6.68,-117.686
0.031,-3.085,1.158,-9.839,-7.176,-108.633
2.496,-1.744,0.514,6.685,29.175,72.536
2.541,-0.502,-1.213,-17.411,31.956,47.326
2.912,-2.213,1.535,-0.486,22.07,127.999
1.666,-1.497,-0.509,26.012,15.636,-19.481
1.737,-1.4,-0.754,23.932,18.651,-23.892
1.819,-2.744,-1.31,6.102,-8.723,-128.056
0.307,-1.949,0.372,13.558,-23.444,-72.766
1.667,-0.005,0.112,-4.559,41.72,101.643
2.467,-0.314,1.519,-28.206,24.084,210.39
0.553,-1.173,-1.38,27.322,-10.885,-114.592
2.15,-0.73,1.14,-9.372,36.763,146.677
2.27,-0.743,-1.363,-2.128,33.673,9.397
2.738,-0.924,0.069,-20.016,32.561,107.888
1.669,-0.95,-1.113,20.722,26.119,-22.575
2.619,-0.482,-1.472,-19.211,29.257,38.102
1.238,-1.498,-0.543,30.002,3.259,-46.009
0.659,-0.347,0.027,37.665,17.321,19.423
1.844,-0.133,-0.6,-4.189,40.642,63.656
1.931,-2.162,1.54,18.034,13.86,75.0
0.583,-1.25,1.053,34.531,-3.644,22.116
1.002,-0.309,1.233,22.379,31.476,110.352
0.194,-2.122,-1.345,0.097,-17.126,-187.529
2.167,-0.81,0.475,-4.743,38.88,104.966
2.338,-0.393,0.475,-22.264,34.519,138.656
1.305,-0.277,1.506,10.115,35.772,145.188
2.421,-2.055,-0.157,15.892,18.356,11.975
2.092,-3.048,1.259,11.445,-4.04,17.361
1.977,-0.436,-0.26,-3.162,40.601,73.396
1.585,-1.049,-1.524,22.018,20.224,-56.608
1.65,-0.535,-0.226,12.357,38.369,50.936
3.077,-2.737,0.658,10.022,13.283,57.181
2.643,-3.087,0.866,13.045,-0.298,24.179
1.335,-0.625,1.062,18.756,33.832,101.528
1.129,-2.206,-0.778,14.731,-12.475,-106.284
3.063,-3.022,-0.138,13.997,1.42,-5.558
0.598,-1.475,-0.395,27.405,-14.766,-72.88
0.893,-0.642,-1.472,32.146,10.733,-69.958
0.106,-0.523,-0.26,38.713,-11.188,-38.789
0.083,-1.721,1.44,18.357,-21.97,-11.345
2.752,-1.274,-0.596,-7.099,31.855,50.535
2.08,-1.624,0.392,16.896,26.412,48.587
0.742,-1.628,0.707,30.139,-8.648,-10.256
0.387,-2.263,-1.3,0.357,-15.493,-181.971
1.095,-0.469,0.859,24.755,31.313,85.084
0.665,-0.518,1.233,33.917,17.752,79.068
1.318,-1.419,0.095,31.389,11.301,-0.344
2.771,-0.93,0.928,-24.51,28.456,158.652
2.471,-3.048,-0.362,11.013,-8.143,-53.801
1.731,-1.491,-1.433,21.349,13.473,-68.354
0.086,-1.011,0.266,31.932,-20.041,-37.758
2.674,-0.2,0.925,-35.576,18.403,194.748
2.434,-0.794,1.42,-18.14,31.536,175.325
0.891,-1.183,0.518,35.717,5.899,12.949
1.029,-2.802,0.507,4.602,-15.28,-72.536
2.054,-3.041,0.616,11.213,-8.134,-21.257
2.424,-3.091,0.029,11.557,-7.977,-36.555
2.369,-0.956,0.062,-5.994,37.471,84.511
2.27,-2.721,-0.447,14.529,-3.567,-51.452
2.888,-2.94,1.082,11.507,7.513,59.015
1.2,-2.867,0.884,7.213,-13.082,-44.863
1.631,-2.293,1.53,20.389,5.03,49.733
2.208,-2.567,0.377,18.267,3.631,1.031
1.802,-1.082,-0.04,17.997,31.907,38.961
2.099,-1.399,-0.701,15.771,26.259,-0.057
1.145,-1.694,0.829,30.316,2.928,16.043
1.894,-0.522,-0.562,4.035,39.188,46.41
0.291,-0.681,-1.179,33.77,-10.347,-89.897
0.623,-1.22,-0.173,33.872,-8.376,-44.118
2.119,-0.213,-0.157,-15.597,38.629,100.21
1.642,-1.633,-1.041,24.082,9.013,-59.129
1.613,-1.098,-1.23,23.086,20.89,-40.966
2.679,-2.959,0.23,14.607,-0.132,-2.865
0.239,-1.029,-0.652,29.857,-18.264,-82.621
0.611,-1.994,1.306,21.557,-14.043,-4.412
1.251,-1.103,0.533,30.822,20.312,39.018
2.472,-2.551,-1.493,10.947,0.953,-90.069
0.694,-2.317,1.232,15.161,-15.302,-22.403
0.239,-1.223,-0.539,26.07,-20.999,-87.261
1.853,-0.992,-0.332,15.618,33.161,30.309
0.53,-0.408,-0.068,39.907,10.079,3.094
1.762,-2.521,0.44,18.998,-3.277,-18.277
1.776,-1.417,0.475,21.776,25.879,47.785
0.163,-0.7,-0.489,35.827,-14.114,-58.785
1.671,-2.555,-1.48,8.273,-7.292,-135.447
1.752,-0.52,0.566,3.437,40.366,103.018
2.482,-3.04,0.948,13.149,-0.789,22.345
2.657,-1.157,-1.196,-5.107,30.263,17.418
2.179,-0.667,-0.709,-2.539,37.768,46.009
2.301,-1.688,-0.602,14.656,23.154,0.63
1.059,-3.093,1.193,1.027,-11.947,-48.186
1.209,-2.948,1.178,6.353,-11.788,-32.143
1.128,-2.848,-1.53,-3.237,-8.457,-186.211
0.315,-1.732,-1.114,11.765,-20.843,-145.016
1.595,-1.329,0.621,24.678,24.43,50.821
0.045,-2.409,1.061,-0.104,-20.591,-74.656
0.209,-1.428,-1.269,16.513,-21.396,-142.552
1.178,-2.886,-0.144,0.685,-14.624,-106.112
2.725,-3.099,1.161,11.912,1.877,45.092
2.572,-2.746,-0.707,13.696,-0.887,-50.478
0.11,-0.954,-0.379,30.579,-20.545,-70.073
2.263,-2.861,1.101,14.504,1.284,28.82
0.286,-0.509,0.874,39.659,2.72,37.3
2.132,-0.555,-1.252,-1.901,35.768,18.621
1.494,-0.175,-1.365,12.549,34.989,-2.636
2.414,-2.297,-0.39,17.173,10.261,-15.642
1.148,-2.025,0.684,25.701,-5.298,-11.058
1.552,-2.131,-1.493,15.794,-3.303,-118.717
1.004,-1.378,-0.576,31.486,-1.107,-54.431
2.213,-2.939,0.464,13.862,-4.949,-15.011
2.665,-3.001,-0.255,13.312,-4.174,-33.862
1.738,-2.289,-1.309,14.703,-3.464,-106.57
3.051,-0.25,-1.222,-34.728,14.615,90.47
2.712,-0.018,-1.265,-31.713,21.292,81.876
2.736,-1.445,-0.379,-3.116,31.413,52.254
1.434,-1.539,-0.916,26.923,6.448,-58.499
1.517,-1.507,-0.798,26.983,9.946,-45.149
3.0,-2.424,-0.722,10.527,13.086,-8.365
2.565,-2.111,1.381,6.468,23.073,105.138
1.931,-0.17,-0.239,-8.801,40.698,87.204
0.751,-0.295,1.216,29.38,25.21,95.799
1.481,-1.742,-0.111,28.1,6.086,-21.314
0.398,-2.868,0.352,-7.438,-13.387,-121.352
1.423,-1.131,-0.252,29.126,20.42,2.292
0.061,-2.212,0.72,2.75,-23.488,-81.99
0.961,-0.29,0.779,25.971,31.112,83.079
1.835,-0.221,-0.493,-1.997,40.897,64.229
2.559,-1.705,1.42,-1.117,28.865,130.291
0.648,-0.862,-0.064,38.43,2.132,-15.928
2.237,-2.072,0.43,18.018,17.983,34.091
1.117,-0.131,0.082,21.173,36.185,61.192
0.915,-2.658,0.097,4.316,-16.562,-94.309
0.595,-0.636,0.601,38.659,10.132,32.086
1.602,-1.179,1.51,17.498,28.635,110.753
1.196,-1.311,0.771,31.734,14.163,37.586
0.099,-1.427,0.411,22.87,-24.734,-52.54
0.173,-2.754,0.341,-8.564,-13.993,-128.343
1.131,-2.66,-0.068,6.723,-15.311,-91.501
0.814,-0.537,0.52,34.967,20.486,45.665
0.685,-1.428,-0.694,27.844,-11.972,-82.334
1.029,-3.025,1.37,3.007,-11.561,-35.867
2.595,-0.83,-0.866,-12.472,33.56,51.509
2.687,-1.624,-1.269,3.993,24.144,-11.803
0.919,-0.128,-1.42,28.813,23.243,-36.039
1.768,-0.255,-0.593,2.163,40.466,52.712
2.816,-0.489,0.63,-34.258,21.583,169.424
2.53,-1.448,1.094,-4.545,32.396,124.676
1.918,-0.036,0.656,-16.44,37.513,145.417
2.963,-3.05,-1.279,9.36,-5.299,-78.266
0.601,-0.032,1.285,28.404,25.531,106.226
1.942,-0.576,0.334,-1.377,40.537,97.403
0.988,-2.501,-1.498,3.027,-11.056,-172.518
1.01,-0.808,-0.589,34.555,14.005,-22.173
0.883,-0.627,0.117,35.758,18.574,21.371
0.088,-2.613,0.761,-5.155,-17.38,-101.07
0.601,-0.062,-1.31,34.731,15.028,-44.175
2.326,-1.538,0.705,6.386,31.772,85.543
2.091,-2.172,-0.646,19.452,6.38,-41.654
0.03,-0.84,0.827,35.162,-15.412,0.974
2.756,-2.867,-0.495,13.824,-0.589,-34.721
2.705,-0.619,-1.123,-20.1,29.99,55.176
1.576,-1.271,0.036,26.566,22.613,19.538
2.206,-0.277,-0.023,-17.994,37.539,109.206
1.548,-0.893,-1.426,22.069,23.217,-44.175
2.504,-0.29,-1.213,-21.207,30.99,57.353
1.718,-0.47,1.523,-0.667,36.885,158.767
0.767,-2.22,-0.212,12.101,-18.105,-95.397
2.837,-1.933,1.273,-3.168,26.417,124.733
0.008,-1.601,-1.064,8.202,-24.678,-152.235
0.537,-2.282,-0.281,5.578,-19.894,-116.081
0.151,-0.387,-0.879,37.872,-8.425,-63.885
2.536,-1.326,-0.108,-1.033,33.906,63.14
2.881,-2.673,0.442,12.775,11.781,37.242
1.15,-0.672,1.099,25.216,28.899,90.355
0.337,-1.204,-1.434,23.447,-16.614,-131.838
1.887,-2.461,0.346,19.965,0.004,-13.063
1.422,-1.508,0.863,28.272,16.162,44.519
1.587,-0.727,-1.079,19.983,29.367,-12.548
1.094,-2.546,-0.398,7.379,-15.174,-105.997
2.449,-0.592,1.492,-22.857,28.809,191.884
2.797,-1.818,-0.082,2.84,27.677,51.394
2.864,-2.196,0.252,7.442,22.237,52.712
1.38,-0.397,-1.376,20.397,29.756,-22.517
1.588,-0.877,-0.379,22.101,30.311,19.022
0.828,-1.855,-0.741,19.676,-14.398,-101.299
2.794,-1.165,0.795,-18.963,30.677,138.885
2.766,-2.791,0.181,14.896,5.518,8.938
2.131,-1.067,0.086,5.69,36.571,65.89
1.845,-0.59,0.152,4.02,40.309,80.615
0.36,-0.701,0.519,39.741,-1.363,10.199
1.091,-3.099,0.103,-4.821,-13.179,-109.148
2.494,-0.849,1.359,-18.74,31.208,172.117
2.552,-0.103,0.779,-34.545,21.314,184.951
0.35,-1.22,-0.509,28.481,-17.905,-79.011
0.941,-2.645,1.001,9.901,-14.37,-40.279
1.012,-1.656,-0.86,25.416,-7.325,-86.173
2.328,-1.899,-0.887,15.772,16.673,-26.241
1.799,-0.897,-0.789,16.435,31.574,6.474
2.419,-0.978,-1.161,-1.887,32.732,16.043
3.11,-2.537,-1.327,8.867,8.262,-43.201
0.471,-1.682,-0.19,21.235,-20.152,-80.271
0.515,-1.201,-1.532,25.59,-11.827,-127.082
1.054,-1.886,-0.385,23.811,-9.721,-69.729
0.717,-0.014,-1.26,32.43,20.251,-31.914
1.603,-3.031,-0.89,-1.397,-12.185,-132.812
1.257,-1.102,-1.276,28.666,11.31,-64.229
0.43,-2.074,0.764,14.939,-20.729,-50.42
2.486,-0.109,-0.476,-28.92,29.44,108.919
1.196,-2.941,0.241,1.713,-14.625,-86.173
2.518,-0.388,-1.519,-18.122,30.266,35.008
2.652,-1.424,-1.164,1.027,27.687,3.667
0.763,-2.577,-0.355,1.442,-16.635,-124.275
1.314,-1.199,-0.324,31.28,14.82,-11.975
1.455,-0.147,1.468,1.729,37.296,159.053
0.513,-1.142,0.908,35.755,-4.42,15.986
2.184,-0.733,0.959,-9.892,37.3,138.083
2.715,-2.31,-0.553,13.409,13.576,-8.48
2.282,-0.566,-1.496,-6.466,33.684,12.605
0.855,-0.706,-1.165,34.104,8.73,-58.213
0.328,-2.407,0.608,3.146,-20.68,-84.282
1.747,-0.079,-0.83,-0.576,40.139,48.014
0.36,-2.303,-0.363,1.077,-20.012,-132.124
2.836,-2.413,0.539,10.141,18.165,55.119
0.131,-1.392,1.249,26.587,-19.196,-0.688
2.272,-1.97,0.133,17.414,19.769,24.924
0.747,-0.473,1.476,30.382,21.369,100.268
1.074,-3.104,1.115,0.58,-12.169,-52.426
2.046,-1.222,-0.769,14.53,28.924,3.151
1.125,-0.959,0.881,30.735,21.463,59.989
2.237,-0.195,-1.242,-14.459,34.913,45.837
1.223,-3.089,-0.71,-6.695,-11.102,-147.594
3.072,-0.475,-1.419,-30.487,17.914,67.494
1.999,-2.69,-0.428,13.76,-6.683,-64.114
1.531,-1.407,0.838,25.819,21.632,55.119
0.382,-2.925,-0.106,-10.471,-10.015,-151.777
3.114,-2.481,0.097,8.214,17.402,41.826
2.083,-1.762,0.1,19.491,21.597,24.122
3.086,-1.401,-0.391,-14.846,28.406,74.141
1.801,-0.511,0.184,3.482,40.741,84.454
1.019,-0.088,0.819,19.404,35.475,100.268
1.04,-0.163,0.048,24.766,33.78,52.999
0.456,-1.805,-1.279,12.183,-18.244,-150.573
0.121,-2.625,-0.045,-8.757,-14.757,-146.047
1.57,-2.488,-1.439,9.128,-7.716,-135.046
0.267,-2.055,1.529,14.563,-19.326,-14.84
2.469,-1.331,-0.163,1.643,33.66,55.863
1.256,-1.455,-1.112,27.442,3.164,-75.115
2.31,-2.072,0.884,14.551,20.939,64.286
0.724,-1.269,1.448,33.017,2.579,51.738
2.77,-2.592,0.62,12.797,13.275,45.722
0.677,-1.591,-1.076,21.903,-14.133,-114.019
0.558,-1.271,0.366,34.16,-9.018,-19.882
2.871,-0.069,1.372,-37.311,5.919,239.153
0.702,-0.717,0.988,36.064,13.67,55.749
1.336,-0.494,-0.817,23.907,30.177,1.432
2.0,-0.418,0.178,-7.201,40.622,100.841
1.74,-0.76,0.179,12.298,37.569,66.406
1.795,-1.55,0.826,21.106,24.252,61.364
1.979,-0.902,0.29,6.084,38.097,78.323
2.56,-1.415,-1.397,3.199,26.231,-14.439
1.493,-0.489,0.687,12.181,38.474,96.887
1.657,-2.813,0.467,12.292,-10.001,-39.477
1.034,-1.345,0.937,32.966,8.814,35.867
2.828,-2.651,-1.495,9.84,2.383,-75.516
1.228,-0.999,-1.261,29.21,13.03,-59.129
2.168,-1.208,0.011,8.132,34.552,55.634
1.662,-1.035,-0.64,22.54,26.772,-0.745
1.458,-1.272,-0.373,29.092,16.864,-10.714
0.37,-0.996,-0.369,34.148,-12.86,-57.009
1.108,-2.971,1.485,5.489,-10.755,-21.658
0.998,-2.813,-0.547,-1.999,-13.8,-135.333
2.313,-0.371,1.429,-23.286,29.455,193.144
2.062,-0.046,0.403,-20.578,36.168,138.598
0.468,-0.228,-1.138,37.603,6.852,-51.452
2.491,-2.443,-0.362,16.541,7.682,-17.991
2.988,-0.13,-0.316,-39.91,11.683,145.646
0.319,-0.127,-0.713,40.093,5.602,-29.851
3.029,-1.369,-0.633,-12.767,28.62,58.843
0.958,-0.49,0.605,30.552,26.649,61.478
0.408,-2.843,-0.37,-9.545,-10.71,-160.715
2.368,-1.39,-1.542,7.346,24.821,-32.315
0.967,-0.727,-1.261,32.453,11.638,-58.499
1.256,-1.527,1.519,27.435,13.113,71.505
2.388,-2.821,-0.979,10.709,-5.576,-80.902
0.561,-2.875,0.367,-5.237,-14.331,-111.555
0.414,-1.535,-1.02,19.144,-19.231,-122.67
0.696,-2.074,-0.592,12.627,-18.144,-112.873
2.938,-0.272,-0.745,-35.328,18.54,110.065
1.836,-1.864,1.317,19.99,18.658,73.854
1.301,-2.817,-0.357,3.151,-14.202,-107.315
0.032,-1.373,-0.738,16.084,-26.215,-119.118
2.207,-1.988,1.11,14.593,21.866,76.146
1.765,-1.363,-0.96,22.634,19.168,-31.971
2.216,-0.663,1.302,-13.783,34.878,163.579
1.835,-1.152,0.135,17.511,31.778,46.868
0.9,-1.55,-1.352,23.709,-7.798,-114.706
0.555,-0.874,1.169,36.749,4.985,48.701
0.017,-2.477,-0.648,-9.083,-13.824,-178.075
0.438,-1.92,-1.08,9.609,-19.262,-146.792
1.33,-2.708,0.735,12.356,-11.594,-36.841
0.386,-0.102,-0.393,40.053,10.782,-6.245
0.451,-1.842,-0.527,14.493,-21.185,-109.893
2.887,-2.185,-1.121,8.73,15.291,-24.007
1.678,-2.889,-0.511,5.344,-12.603,-98.663
0.807,-0.774,-0.687,36.433,7.187,-37.471
1.61,-3.062,-0.158,1.824,-13.851,-92.246
2.244,-0.284,1.049,-23.024,32.093,172.403
0.347,-1.51,-0.926,18.919,-20.647,-119.691
0.564,-1.342,-1.136,25.484,-13.607,-109.664
1.019,-0.529,-0.921,32.202,19.769,-24.694
1.664,-1.403,-1.268,23.158,14.545,-57.697
1.154,-0.683,0.126,30.234,26.158,34.206
3.08,-2.313,0.118,5.666,20.773,50.707
1.932,-1.256,1.306,9.816,32.361,113.56
0.648,-1.181,1.03,35.385,0.132,28.476
1.385,-0.339,0.521,13.632,38.798,89.782
0.753,-0.794,-1.115,34.615,3.181,-66.234
2.519,-2.258,0.294,14.981,17.003,31.799
2.753,-0.291,-0.673,-31.367,24.989,102.502
2.524,-0.53,1.051,-26.421,28.745,174.466
0.52,-2.73,-0.898,-6.971,-10.902,-178.075
0.335,-0.483,-0.253,40.505,-0.983,-22.976
2.56,-0.12,-0.159,-32.414,26.44,130.692
0.068,-1.933,0.006,5.883,-25.856,-106.513
3.021,-1.937,1.097,-7.045,26.046,124.962
2.759,-2.367,-0.886,12.626,10.786,-28.304
0.837,-2.782,-0.846,-4.301,-12.141,-159.913
2.101,-0.185,-0.621,-12.891,38.553,74.198
0.662,-0.821,0.39,38.606,6.496,13.235
1.293,-2.677,-1.49,2.139,-9.74,-164.668
1.188,-0.026,-0.273,17.755,37.833,50.936
2.258,-0.979,-1.372,3.422,31.335,-5.329
0.205,-2.643,-0.809,-9.035,-10.752,-186.039
2.526,-0.649,0.705,-23.147,32.246,147.938
2.72,-0.455,0.997,-32.806,21.917,186.899
0.515,-2.842,-0.212,-7.855,-12.509,-145.474
1.95,-3.039,-0.906,2.542,-11.958,-114.305
2.827,-0.702,0.759,-30.693,24.568,165.241
0.486,-2.172,1.216,15.199,-18.032,-26.929
0.27,-0.56,0.42,40.524,-1.779,7.448
2.643,-1.762,-0.952,7.69,23.239,-4.068
1.593,-1.562,-1.229,23.864,9.091,-68.64
1.902,-2.307,-0.289,20.28,0.733,-39.763
3.061,-1.02,-1.494,-18.798,23.86,31.341
0.512,-3.003,0.992,-4.871,-12.45,-85.886
0.349,-1.752,-0.567,14.498,-22.432,-112.873
2.498,-2.482,-0.376,16.413,6.639,-20.626
0.391,-0.035,-0.854,38.835,10.137,-28.533
2.279,-2.553,-1.405,11.425,-1.284,-96.2
3.006,-1.745,1.27,-12.08,26.285,145.016
1.558,-0.765,-1.137,21.265,27.649,-19.71
2.807,-1.148,0.587,-18.912,31.195,128.686
0.112,-0.441,0.811,40.049,-2.762,27.617
1.778,-2.994,0.105,7.425,-12.306,-63.656
1.654,-0.743,-0.908,18.321,31.352,0.172
2.598,-1.673,-0.048,5.095,29.424,50.248
0.177,-1.209,1.506,30.408,-13.679,27.158
0.833,-2.686,-0.204,0.487,-16.075,-117.857
2.405,-0.84,-1.27,-4.502,33.149,16.902
1.03,-3.059,0.699,-1.093,-13.555,-76.203
0.973,-2.48,-1.375,3.483,-11.923,-165.126
2.428,-0.247,-0.185,-25.666,32.659,114.362
1.988,-1.914,-0.591,21.483,11.46,-29.622
0.101,-2.074,0.218,4.218,-24.731,-100.554
0.461,-2.691,0.777,-0.231,-17.121,-83.251
0.156,-2.564,0.227,-5.949,-17.472,-124.962
0.827,-2.72,1.213,7.178,-14.338,-38.961
0.893,-1.691,-0.677,24.712,-10.818,-84.511
0.136,-0.256,1.374,37.582,4.966,71.849
1.756,-0.313,-0.601,4.222,40.057,48.243
0.991,-0.717,0.843,31.48,23.058,63.999
0.392,-1.443,1.564,29.093,-10.801,29.393
1.299,-1.565,-0.503,29.296,3.53,-44.06
1.079,-0.642,1.38,25.081,27.471,104.106
2.379,-2.813,-0.497,13.42,-4.393,-53.342
0.456,-1.556,-1.5,17.407,-16.535,-148.969
2.201,-2.297,0.135,19.644,9.436,2.235
2.3,-0.468,-0.372,-14.346,37.657,83.652
2.596,-1.952,1.033,4.99,26.44,96.085
1.731,-0.594,-1.312,12.922,32.738,-10.027
0.309,-3.103,-0.001,-12.991,-5.275,-160.142
1.76,-0.57,-0.342,9.512,38.674,48.587
0.375,-0.062,-1.176,37.859,7.343,-49.446
1.188,-2.03,-1.353,16.374,-8.293,-125.764
0.476,-2.216,0.752,12.041,-20.28,-56.608
3.025,-2.463,-0.341,10.565,14.667,12.662
2.868,-1.651,-1.55,-0.187,22.459,-19.079
2.153,-1.182,0.571,4.893,35.851,88.35
2.303,-0.728,-1.136,-4.021,34.962,25.153
1.656,-2.592,1.542,16.786,-0.348,34.721
0.189,-0.039,0.485,40.334,9.477,36.383
2.67,-1.422,-1.493,0.328,25.769,-14.037
2.078,-2.674,-0.65,13.321,-5.798,-71.391
0.671,-1.788,0.518,25.565,-14.451,-34.32
1.131,-1.772,-0.247,27.379,-5.143,-50.879
1.251,-3.13,-0.027,-4.246,-13.339,-109.206
1.045,-0.282,-1.458,27.536,23.471,-39.821
2.315,-2.643,1.126,15.533,7.507,45.722
1.021,-2.743,1.216,9.25,-12.72,-28.992
0.224,-1.755,-1.055,9.428,-22.037,-148.167
1.542,-2.836,1.283,12.415,-7.234,-0.63
1.808,-0.274,-0.649,1.319,40.237,50.707
0.985,-1.457,-0.69,29.72,-3.842,-66.578
2.337,-3.12,1.475,10.506,-1.603,39.649
2.595,-0.747,0.987,-23.701,30.248,162.434
2.002,-1.58,-0.228,20.106,22.886,11.115
0.857,-0.908,-1.333,32.252,3.565,-79.297
0.232,-2.948,-1.51,-9.217,-0.56,-242.132
1.326,-0.779,-0.892,27.829,22.996,-19.767
0.759,-1.429,-0.169,31.411,-8.491,-48.071
1.367,-0.733,0.614,22.461,32.433,71.505
1.083,-3.052,0.088,-3.801,-13.625,-107.773
1.73,-1.278,0.955,18.55,29.351,80.615
0.246,-0.321,-0.84,39.175,-2.994,-52.426
1.089,-2.036,0.732,25.2,-6.73,-12.319
0.09,-0.501,1.523,36.768,-2.152,63.713
1.992,-1.818,0.064,21.775,18.0,13.636
1.663,-2.687,0.136,13.936,-9.507,-50.879
0.367,-1.664,0.429,22.894,-20.735,-49.733
0.324,-0.304,0.394,40.76,7.311,23.72
2.81,-2.537,0.81,10.76,15.79,62.051
0.859,-1.698,1.462,28.718,-2.266,35.695
0.386,-1.473,0.769,28.902,-16.08,-18.22
2.852,-2.753,-0.931,12.516,1.737,-47.67
2.025,-2.646,0.921,17.482,1.553,17.189
3.117,-2.037,1.541,-8.832,22.732,150.172
2.592,-2.719,-0.74,13.767,-0.048,-49.675
1.004,-0.006,0.688,18.751,36.26,96.601
0.145,-2.182,0.797,5.913,-23.304,-71.047
1.752,-1.74,0.328,25.132,16.036,19.481
1.127,-0.278,-1.199,26.184,27.1,-20.054
1.334,-3.124,0.638,0.94,-13.346,-66.005
2.901,-1.068,-1.115,-14.781,28.531,41.138
1.171,-0.136,-0.055,20.023,36.796,56.15
2.863,-1.207,-0.463,-13.119,31.347,68.354
0.883,-0.925,0.835,35.079,14.168,45.436
2.721,-1.077,-0.673,-11.002,32.61,55.634
0.519,-2.611,1.045,4.203,-17.33,-59.989
0.017,-3.08,-0.715,-12.76,2.077,-216.463
1.76,-2.185,-0.035,22.786,2.015,-26.356
2.018,-2.344,-1.053,15.931,-0.312,-79.011
2.813,-1.024,-0.992,-13.82,30.288,45.665
2.72,-1.323,0.683,-11.895,32.636,119.175
2.579,-2.786,1.024,13.795,7.32,46.811
2.202,-2.797,-1.075,9.363,-6.999,-95.684
0.813,-1.838,-1.354,16.704,-12.78,-136.307
0.006,-1.281,-1.282,15.409,-24.272,-146.505
0.688,-0.468,0.002,38.138,15.012,12.72
1.892,-2.82,0.904,14.766,-4.469,-1.375
2.471,-0.074,-0.836,-27.088,29.609,89.439
0.131,-2.637,0.305,-7.36,-16.079,-126.108
0.25,-1.15,0.098,31.412,-18.082,-45.951
2.938,-0.008,-1.085,-36.845,13.227,105.711
3.071,-2.029,1.406,-7.48,23.818,140.26
2.892,-2.579,1.251,7.406,16.232,89.611
1.767,-2.861,-0.82,5.348,-11.465,-109.664
2.942,-0.724,-1.101,-24.357,25.72,63.999
2.338,-1.806,-0.607,15.225,20.788,-4.297
3.05,-1.14,-0.52,-20.183,27.929,79.641
0.773,-2.515,-1.104,0.534,-13.65,-163.064
1.435,-2.394,1.069,20.495,-3.48,6.303
0.599,-1.932,0.778,21.844,-16.649,-31.799
0.089,-1.023,-1.208,23.782,-21.491,-122.728
1.881,-0.18,-0.05,-7.611,41.126,94.595
2.458,-1.297,-1.271,3.875,28.362,-6.303
2.236,-2.597,1.48,14.56,8.642,64.114
2.748,-2.885,-0.561,13.461,-1.492,-39.992
1.986,-0.075,1.31,-18.969,33.074,184.55
1.099,-2.069,-1.398,14.507,-9.869,-135.676
0.877,-2.364,-1.029,5.93,-14.673,-144.156
1.834,-0.754,0.069,9.183,38.395,65.833
0.285,-2.351,-0.218,-0.945,-19.959,-130.864
2.141,-2.678,-1.483,8.741,-4.874,-115.737
1.391,-0.274,1.037,8.844,38.556,123.415
2.13,-0.818,-0.078,0.186,38.798,70.703
0.468,-1.442,-0.67,24.42,-17.866,-94.194
1.679,-2.333,1.276,20.825,4.03,35.638
1.963,-2.12,-0.85,19.585,4.426,-57.697
2.256,-1.945,-1.144,16.121,13.133,-47.727
0.052,-2.377,0.199,-4.245,-20.405,-121.811
2.369,-0.353,1.392,-25.288,28.048,195.264
0.581,-1.523,1.123,30.545,-9.028,10.371
1.82,-2.286,-1.185,15.721,-2.298,-94.595
0.878,-0.9,-0.079,36.906,9.684,-5.787
2.864,-0.639,-0.688,-26.649,27.291,88.064
2.649,-0.685,0.793,-26.327,29.193,157.964
2.273,-1.904,1.194,11.523,24.623,89.553
0.332,-1.334,1.146,31.023,-13.112,8.251
1.918,-1.267,-1.082,18.188,23.99,-24.694
1.19,-3.059,0.063,-2.659,-13.867,-103.476
1.905,-0.685,0.33,3.093,39.884,88.808
2.991,-0.188,-0.193,-39.764,12.449,149.542
1.26,-0.964,-1.122,29.392,15.335,-47.326
2.728,-2.761,1.541,9.545,10.889,86.402
0.703,-0.863,-1.223,33.52,-0.348,-79.24
0.593,-1.821,-0.711,16.845,-18.494,-111.097
0.247,-1.158,0.732,32.964,-15.028,-10.256
0.373,-0.985,-1.426,28.342,-12.894,-116.769
1.338,-2.513,-0.367,11.884,-12.674,-88.35
0.658,-2.433,-1.215,0.685,-13.887,-171.314
2.042,-1.543,1.009,13.338,28.991,86.402
0.165,-1.375,0.358,25.527,-22.8,-48.816
2.685,-2.256,0.392,11.53,19.715,47.04
1.206,-0.069,-0.042,16.99,38.375,62.739
0.736,-3.089,0.359,-7.594,-11.678,-114.248
1.342,-1.091,-0.737,29.791,16.297,-27.846
0.545,-2.059,0.341,15.545,-20.238,-67.208
3.006,-2.137,0.771,-0.083,24.679,93.965
0.163,-1.364,0.826,27.349,-20.439,-21.486
1.794,-3.016,-1.051,0.544,-11.603,-130.233
2.528,-2.081,0.069,13.611,20.532,29.565
1.595,-2.077,0.173,24.871,1.973,-17.704
2.356,-1.312,-1.464,6.642,26.472,-24.064
0.314,-2.014,-1.498,4.49,-17.154,-183.232
1.429,-2.837,0.086,7.022,-13.665,-75.745
0.683,-1.786,1.099,26.78,-10.825,-0.229
0.506,-2.873,-0.352,-8.95,-11.063,-155.787
2.017,-0.379,1.398,-13.486,35.212,173.95
0.537,-2.074,0.468,15.659,-20.086,-61.249
1.729,-2.937,-1.245,0.969,-10.556,-140.547
0.339,-2.983,-1.481,-9.454,-0.851,-236.345
1.17,-2.944,-1.04,-4.659,-10.587,-161.23
0.709,-1.695,-1.566,17.784,-12.565,-146.219
2.088,-2.637,-1.315,10.111,-5.055,-106.799
1.195,-0.897,-0.435,32.112,18.663,-7.85
1.204,-2.892,-1.25,-3.428,-9.993,-168.335
2.848,-2.134,0.717,4.062,24.4,81.99
1.155,-2.339,0.074,16.622,-12.942,-63.598
1.96,-0.224,0.902,-14.185,37.549,151.146
2.476,-0.745,-0.794,-10.968,35.198,53.686
2.656,-0.813,1.464,-24.214,26.736,189.477
2.825,-0.43,-1.214,-27.172,24.85,67.666
2.235,-2.308,-0.81,17.12,4.783,-50.592
0.158,-1.876,-1.559,4.654,-18.749,-187.758
1.688,-0.855,1.074,11.182,35.847,109.263
0.247,-0.695,-1.224,32.798,-12.076,-95.799
2.668,-3.016,-1.119,8.844,-7.085,-84.053
0.285,-2.75,1.315,-1.267,-15.315,-65.89
2.612,-0.608,1.215,-27.299,26.576,184.435
3.098,-1.213,-0.748,-18.264,26.977,65.145
0.488,-0.878,1.239,36.678,2.704,48.644
1.333,-2.631,-0.422,8.333,-13.514,-98.549
2.825,-1.873,-0.187,3.785,26.435,43.831
2.965,-1.988,-1.304,4.209,18.766,-18.736
1.048,-0.803,1.48,27.412,23.395,98.835
2.414,-0.646,0.621,-19.145,34.986,136.88
1.057,-0.666,1.049,28.003,26.526,82.506
1.405,-0.086,1.127,3.186,38.959,140.145
2.077,-0.341,0.184,-12.459,39.583,110.008
0.753,-1.394,-1.019,27.313,-9.558,-95.111
2.169,-0.249,-0.307,-15.665,38.236,92.418
0.434,-2.933,1.02,-4.36,-13.272,-84.74
1.827,-0.788,0.09,10.173,37.929,64.687
2.386,-0.151,-1.271,-20.33,31.852,55.233
1.547,-2.397,0.839,20.852,-2.598,-0.63
1.122,-1.288,-0.362,32.955,5.955,-30.252
2.936,-0.604,0.288,-34.083,21.776,150.115
2.284,-2.331,-0.473,18.023,6.573,-29.794
0.733,-0.758,0.093,38.384,9.225,3.896
0.252,-2.37,0.83,3.785,-21.059,-73.797
2.236,-2.102,0.242,18.743,16.157,21.543
1.297,-2.103,1.415,23.939,1.037,34.893
2.594,-2.956,-0.115,13.952,-3.257,-27.33
0.352,-0.755,-1.494,31.456,-9.485,-108.69
1.226,-0.883,0.268,30.365,24.017,35.008
2.87,-0.693,-0.217,-28.298,27.387,112.3
2.632,-1.151,0.986,-14.934,32.488,141.349
3.029,-2.947,0.271,13.645,5.449,20.225
0.93,-2.809,-0.893,-3.899,-11.908,-158.824
0.46,-0.515,-0.855,38.194,0.269,-52.139
0.807,-2.987,0.186,-5.369,-13.402,-114.248
0.195,-1.568,-1.456,12.349,-20.703,-162.09
2.837,-1.996,1.014,-0.37,26.355,106.284
0.081,-0.45,0.981,39.384,-3.355,35.065
1.758,-0.698,0.997,5.346,38.252,117.857
1.053,-0.566,-1.508,29.507,17.344,-58.499
0.166,-2.94,-0.562,-12.61,-4.434,-191.139
0.474,-1.222,1.258,33.82,-5.644,29.221
2.927,-0.587,0.339,-34.351,21.465,153.495
0.65,-1.597,0.938,29.996,-9.438,-0.516
1.338,-0.092,-0.655,15.233,37.815,33.862
3.055,-0.43,1.367,-37.035,7.568,228.725
2.725,-0.259,1.195,-35.179,16.445,209.76
0.461,-2.813,-1.399,-7.872,-5.959,-214.916
2.3,-1.659,0.495,10.832,29.038,65.088
0.62,-2.045,0.219,16.731,-19.237,-69.099
1.072,-0.342,-0.097,27.929,30.515,36.268
1.822,-0.662,0.854,2.732,39.151,115.394
0.373,-2.482,0.684,2.632,-19.724,-81.646
0.749,-0.046,0.568,28.809,29.488,72.823
0.759,-1.951,0.451,22.72,-14.856,-42.456
0.275,-0.791,1.276,36.959,-2.92,43.545
3.084,-2.315,-0.479,7.582,17.821,16.616
1.85,-1.45,-0.478,22.387,21.558,-4.469
0.246,-1.031,1.562,33.419,-7.934,44.519
0.726,-1.78,0.111,24.864,-14.689,-54.03
2.921,-3.044,1.55,9.033,6.302,81.761
1.554,-2.371,1.364,20.417,1.079,31.341
1.509,-2.736,-0.556,7.016,-12.605,-102.158
1.226,-0.035,-0.303,16.674,38.263,50.879
1.112,-2.955,0.838,3.502,-13.703,-57.582
1.556,-0.648,0.266,16.063,36.874,67.265
0.141,-0.934,-0.691,29.819,-19.684,-85.027
2.265,-1.399,1.433,1.303,31.996,131.723
2.955,-0.844,1.45,-30.552,19.021,204.03
0.559,-1.63,0.09,25.75,-16.871,-56.207
1.3,-1.683,0.594,30.018,6.525,12.089
0.081,-0.995,0.326,32.379,-19.618,-33.69
1.151,-2.094,-0.08,21.753,-10.143,-58.614
2.298,-1.926,0.141,16.416,21.4,29.393
1.281,-1.738,-0.867,25.209,-2.11,-75.86
1.819,-2.874,-0.423,7.968,-11.541,-84.683
1.335,-3.029,1.502,6.457,-9.366,-11.001
0.553,-1.608,-1.298,18.535,-16.041,-134.817
0.271,-0.158,0.485,40.308,9.606,34.263
2.771,-0.55,-0.545,-26.997,28.548,96.028
0.418,-2.013,0.505,15.037,-21.63,-62.452
0.489,-1.778,1.412,24.432,-13.82,7.047
1.814,-1.834,-0.84,22.539,8.601,-49.274
1.694,-1.854,1.005,23.981,14.877,48.415
1.001,-2.024,-1.312,14.858,-11.324,-133.786
0.554,-1.133,0.631,36.312,-4.361,2.979
0.894,-2.681,-0.218,1.525,-16.017,-114.878
1.832,-2.692,1.132,16.518,-1.535,15.584
2.14,-2.149,1.49,14.992,17.57,84.855
2.526,-3.083,0.242,12.949,-5.405,-18.048
1.689,-0.565,1.405,2.946,37.193,144.901
0.867,-1.334,-1.497,26.405,-4.773,-112.529
2.736,-1.186,0.172,-13.31,33.451,98.663
0.15,-1.866,-1.115,4.947,-21.51,-162.204
1.674,-0.994,-0.846,21.582,26.768,-9.511
0.317,-1.218,1.131,32.803,-11.515,13.178
0.475,-2.708,0.54,-1.808,-16.903,-97.002
2.786,-2.959,-1.531,7.751,-4.86,-97.632
1.941,-0.688,-0.83,7.28,36.413,24.236
1.089,-2.691,-1.376,-0.119,-10.56,-170.627
1.848,-1.438,0.221,21.19,25.775,36.154
2.57,-1.054,0.286,-11.945,35.381,103.247
1.21,-0.038,-1.532,19.1,31.259,-20.626
2.318,-3.068,-0.938,5.881,-10.685,-96.715
3.115,-1.423,1.413,-22.651,22.43,177.903
1.064,-1.485,-0.976,27.912,-2.66,-80.042
1.898,-2.751,0.544,15.686,-5.139,-17.704
2.576,-0.839,0.063,-16.823,35.043,103.132
0.919,-1.64,-1.201,22.954,-9.027,-110.122
0.088,-0.258,-1.458,35.286,-8.482,-93.278
1.475,-2.722,0.491,12.704,-11.037,-43.316
1.064,-1.729,0.342,29.797,-3.24,-18.507
1.781,-0.536,0.454,3.353,40.485,97.346
1.796,-0.129,0.709,-9.565,39.703,136.135
0.632,-1.753,0.747,26.446,-13.733,-21.429
0.171,-0.906,1.477,34.539,-8.316,42.513
0.062,-0.96,-1.315,24.089,-21.143,-126.796
0.04,-2.148,1.241,6.613,-22.916,-49.675
1.557,-0.151,-0.793,8.71,39.153,35.122
0.369,-0.702,-0.707,36.886,-7.316,-59.588
1.033,-1.772,-1.311,20.666,-8.119,-117.456
0.384,-2.078,0.363,11.702,-22.417,-76.261
1.659,-3.009,-0.943,-0.381,-12.022,-131.379
1.137,-2.726,0.258,6.909,-15.121,-76.261
1.957,-2.893,-0.742,7.131,-10.711,-96.142
1.298,-0.949,-0.838,29.743,18.187,-28.018
0.513,-1.364,-0.564,27.632,-15.599,-81.074
1.667,-1.097,0.368,20.725,30.645,53.743
2.409,-3.017,0.165,13.07,-5.776,-25.382
0.148,-0.679,0.235,38.557,-10.826,-16.96
2.898,-2.437,1.248,5.29,19.106,97.918
1.388,-1.492,0.098,30.426,11.447,-0.344
2.849,-0.644,0.926,-32.44,21.824,179.393
2.349,-0.352,0.48,-23.646,33.703,141.922
1.974,-3.014,-0.853,3.744,-11.787,-108.461
0.925,-3.072,0.347,-4.924,-13.11,-103.132
0.794,-2.361,0.455,12.555,-17.395,-63.713
1.65,-1.492,1.207,21.844,23.291,78.209
2.735,-1.154,1.474,-19.061,28.055,175.039
3.045,-2.955,-0.905,12.091,-1.039,-46.696
1.447,-2.937,0.441,6.495,-13.237,-60.103
0.891,-1.596,-0.221,29.163,-8.164,-53.056
0.048,-1.407,0.002,19.882,-26.7,-77.75
2.37,-1.365,0.606,1.518,34.329,92.304
1.88,-2.623,0.456,17.696,-3.245,-16.444
1.863,-2.334,-0.723,17.779,-2.156,-68.411
1.436,-0.056,1.298,0.687,38.157,153.438
2.598,-2.153,-1.053,12.8,13.284,-34.836
0.038,-2.176,0.194,-0.018,-23.61,-111.383
0.429,-0.153,-0.21,39.886,12.214,3.782
1.229,-1.464,0.086,32.021,7.177,-8.537
2.944,-1.745,0.507,-6.544,29.19,97.747
2.596,-0.013,-1.126,-29.942,24.886,83.48
0.158,-0.274,0.09,41.676,-0.499,-1.49
0.154,-1.504,-1.21,13.639,-22.615,-146.677
0.307,-2.045,-0.248,7.264,-22.953,-113.789
2.678,-2.183,0.138,11.675,20.26,36.268
2.205,-1.766,-1.001,16.696,17.431,-32.2
2.146,-1.505,-1.003,15.628,22.778,-20.741
1.551,-2.244,-0.082,21.489,-4.256,-44.404
0.212,-1.389,0.257,25.763,-22.144,-52.712
0.01,-0.731,-0.838,30.595,-20.383,-89.324
0.875,-1.302,1.236,33.14,5.976,46.352
2.707,-2.302,0.649,10.486,19.779,60.39
1.656,-3.018,-0.922,-0.557,-12.111,-130.864
2.197,-0.333,0.481,-18.758,36.695,134.359
1.583,-0.579,1.132,8.428,37.626,122.384
3.04,-2.515,1.043,5.126,18.447,89.84
0.336,-2.743,-0.632,-9.078,-10.745,-174.122
2.483,-1.345,0.73,-3.602,34.277,107.029
2.903,-0.647,0.077,-31.669,24.683,133.671
2.535,-0.264,-1.326,-22.164,29.668,54.145
0.512,-1.554,0.136,27.005,-16.858,-51.91
2.822,-0.989,-1.125,-14.436,29.548,40.565
1.738,-1.37,1.272,17.782,27.705,93.965
2.329,-0.946,1.086,-10.213,35.516,141.463
2.618,-1.899,-1.037,10.129,19.614,-18.22
1.861,-1.941,0.645,22.991,14.869,32.372
0.652,-1.738,1.45,26.988,-8.834,20.856
0.69,-2.759,0.249,-1.195,-16.229,-104.278
2.644,-1.152,-0.738,-6.197,32.721,43.201
1.262,-0.317,0.115,20.074,36.403,60.734
0.351,-0.548,-0.311,39.963,-2.411,-29.106
0.73,-0.207,-1.069,34.619,17.209,-31.283
3.015,-2.088,-0.583,4.966,21.387,19.71
0.181,-0.003,-0.373,41.31,5.253,-11.173
0.767,-1.428,0.573,33.423,-4.318,-5.042
0.744,-1.837,1.043,26.409,-10.355,-2.865
1.047,-2.728,-1.007,-0.81,-12.373,-154.011
0.913,-2.765,1.406,7.867,-12.645,-25.554
1.756,-0.648,0.719,5.723,39.251,104.679
2.004,-0.809,-0.418,6.475,37.378,44.519
1.431,-2.294,0.35,21.482,-5.797,-29.393
0.727,-0.566,0.24,37.7,15.174,22.976
0.287,-2.18,0.627,8.261,-22.628,-72.536
2.555,-0.431,-0.463,-23.759,32.444,95.168
1.624,-0.448,0.284,8.381,40.251,83.652
0.388,-3.021,-0.39,-12.214,-6.126,-173.205
2.11,-2.233,0.169,20.639,9.59,2.636
1.509,-1.602,-0.149,28.595,10.492,-13.866
3.109,-1.697,0.552,-12.813,27.722,112.529
0.246,-0.329,-1.237,36.992,-4.227,-75.63
3.009,-1.425,1.174,-19.732,26.094,158.022
2.229,-2.741,-0.602,13.262,-5.088,-63.827
2.413,-2.0,-1.464,12.685,12.944,-60.218
2.398,-0.692,-0.887,-9.172,35.659,46.925
2.817,-2.872,-1.413,9.313,-2.713,-84.11
0.52,-2.186,1.253,15.554,-17.352,-23.663
0.502,-1.057,1.188,35.808,-1.307,36.268
0.082,-1.794,0.802,14.539,-25.371,-52.139
0.583,-2.088,-0.92,8.61,-18.186,-138.942
1.716,-2.39,1.486,19.292,4.476,46.524
2.75,-2.458,-0.01,13.892,13.346,16.157
1.08,-2.769,-0.529,0.386,-14.286,-127.082
1.17,-2.686,-0.661,3.249,-14.007,-124.733
0.005,-1.806,-1.224,3.021,-22.048,-173.32
0.942,-0.232,-1.053,30.569,23.645,-19.652
2.802,-0.423,-1.271,-26.429,25.23,63.484
0.108,-1.448,0.297,21.973,-25.091,-59.759
0.025,-2.5,-0.852,-9.192,-12.147,-190.623
2.374,-0.405,0.32,-22.553,34.518,131.15
0.72,-1.584,1.379,30.034,-4.543,29.507
0.23,-1.125,-0.247,29.887,-19.43,-65.432
0.56,-2.397,1.231,11.006,-17.206,-34.721
0.239,-1.913,0.67,14.557,-23.63,-57.525
0.548,-2.882,0.963,-2.067,-14.485,-78.553
2.087,-3.113,0.556,9.841,-9.357,-26.929
3.124,-1.705,1.226,-15.946,24.852,151.547
0.383,-1.978,-1.177,6.858,-18.929,-158.824
3.068,-2.565,-0.485,11.312,11.743,1.031
1.662,-2.779,-0.038,10.793,-11.32,-66.177
2.065,-1.91,1.538,14.364,21.676,97.002
1.868,-2.587,0.593,18.407,-1.858,-7.219
1.859,-2.621,0.883,17.893,-1.041,6.933
1.124,-2.285,1.23,20.8,-7.139,3.953
2.917,-0.086,-1.352,-34.046,15.816,84.74
1.464,-0.756,0.386,20.959,33.558,62.682
2.414,-2.452,0.0,17.525,8.247,-2.177
2.833,-1.797,0.986,-4.742,28.58,115.852
2.637,-0.758,1.399,-24.873,26.916,187.816
0.553,-3.11,-0.537,-12.426,-5.073,-177.273
0.391,-2.686,1.001,0.007,-16.915,-74.141
1.053,-1.545,0.707,32.182,3.052,12.319
0.365,-0.074,-0.461,40.066,10.294,-9.74
3.059,-0.056,0.721,-40.752,0.894,213.369
1.979,-1.66,0.379,19.929,23.605,39.992
0.921,-0.935,0.531,35.684,13.805,29.622
1.788,-0.694,0.713,5.675,39.051,103.533
1.343,-0.232,0.496,12.707,39.35,92.074
0.04,-0.462,-0.47,37.826,-13.121,-51.108
1.928,-0.37,-0.1,-3.938,41.076,83.537
0.76,-1.838,0.367,25.102,-13.653,-40.737
2.047,-0.777,0.839,-2.975,38.606,120.837
1.862,-1.69,0.619,21.875,21.442,45.321
1.374,-1.399,0.171,30.667,14.053,8.365
0.023,-0.263,1.461,37.422,0.729,69.958
1.211,-1.334,-0.591,31.297,6.475,-40.909
3.138,-0.831,0.127,-33.332,20.253,139.458
0.352,-2.845,1.002,-3.913,-14.443,-85.428
1.582,-2.145,1.382,22.545,6.64,46.925
1.042,-0.304,-0.865,29.291,26.13,-7.277
2.561,-1.079,0.857,-13.924,33.908,134.015
0.153,-2.189,0.415,3.666,-23.521,-92.876
2.018,-2.97,-0.325,8.444,-11.04,-73.167
0.69,-0.173,-0.323,35.81,20.942,11.115
3.128,-1.001,-1.145,-22.282,23.864,56.264
2.013,-0.592,1.255,-8.069,37.101,153.324
0.165,-1.442,-0.802,17.261,-24.0,-119.118
1.997,-0.242,0.051,-11.216,40.21,103.476
0.174,-0.584,1.114,38.539,-2.462,40.336
3.107,-1.043,0.122,-27.87,24.762,125.249
2.054,-0.296,0.976,-16.108,36.391,156.647
2.913,-0.554,-1.501,-25.312,23.224,49.16
1.53,-2.55,-1.23,8.316,-9.426,-128.916
1.586,-0.472,1.421,4.561,37.163,145.245
2.73,-0.843,0.085,-22.015,32.034,112.987
0.346,-0.2,-0.722,39.968,4.68,-33.002
0.858,-2.315,-0.717,8.25,-16.207,-124.561
1.928,-2.16,-0.181,22.011,5.65,-23.663
2.962,-2.587,-0.406,12.693,10.373,-1.776
2.008,-3.064,1.134,10.886,-5.998,4.469
2.406,-1.671,0.373,8.619,29.516,63.484
0.471,-0.165,-0.31,39.454,12.956,-0.229
0.966,-1.309,-1.551,26.773,-1.572,-108.518
0.531,-2.567,-1.301,-3.683,-11.408,-191.196
0.909,-1.413,0.27,33.704,-0.971,-13.407
0.037,-2.003,0.384,5.453,-25.786,-90.642
2.223,-2.979,-0.287,10.532,-9.149,-59.759
0.548,-0.325,0.843,36.307,17.411,61.077
0.028,-1.32,0.269,23.174,-25.881,-58.614
0.628,-0.851,0.691,38.139,6.067,26.814
2.029,-0.59,-0.71,1.173,38.362,41.769
1.507,-3.104,-0.235,-1.233,-13.817,-104.966
1.439,-1.452,-0.97,27.165,8.6,-56.322
2.544,-2.219,1.063,10.365,20.802,79.527
0.417,-1.308,0.343,31.752,-14.565,-31.398
1.299,-1.951,0.819,27.162,1.134,9.568
2.74,-2.697,-0.578,14.255,3.359,-30.653
2.195,-0.937,0.408,-1.983,38.265,95.455
2.613,-0.178,-0.145,-32.775,25.858,131.207
1.68,-2.179,-1.309,16.382,-2.443,-103.591
1.279,-2.003,0.035,25.14,-4.979,-39.477
2.301,-0.269,0.526,-24.136,33.438,146.563
0.679,-1.437,-1.516,22.992,-10.909,-130.291
2.398,-1.039,-0.681,-1.007,34.749,38.847
0.724,-2.626,0.635,5.129,-17.256,-72.594
2.272,-0.268,-0.601,-17.265,36.58,80.386
0.124,-2.186,0.756,5.086,-23.458,-74.828
0.922,-0.664,-0.6,35.384,14.756,-19.595
3.128,-2.557,1.109,3.857,18.045,96.257
2.461,-2.553,-0.899,14.313,1.769,-56.78
0.48,-1.415,-1.248,22.034,-16.147,-125.077
3.039,-0.403,0.704,-39.056,10.906,191.368
0.129,-1.635,1.177,20.986,-22.091,-18.85
0.044,-1.064,-0.238,27.347,-23.839,-72.078
1.605,-3.071,-0.365,0.279,-13.686,-104.909
2.373,-1.582,-0.799,11.404,25.327,-0.458
2.403,-0.493,1.336,-23.639,29.547,185.982
0.977,-2.804,-0.909,-3.255,-12.046,-156.761
2.193,-1.89,0.84,15.327,23.4,65.489
2.553,-1.786,0.67,4.996,28.987,82.334
1.791,-1.646,-1.246,21.427,11.491,-63.083
2.995,-2.023,1.069,-4.168,25.566,116.941
1.994,-2.563,0.573,18.784,0.936,0.229
2.941,-2.764,-1.207,11.026,1.519,-59.015
2.214,-0.431,0.293,-15.934,37.959,118.946
2.906,-2.675,0.54,12.106,12.486,44.175
2.273,-0.241,-0.752,-17.113,36.137,73.339
0.257,-1.827,-0.511,10.628,-23.677,-119.233
3.065,-2.964,1.36,8.586,9.253,83.709
0.997,-0.16,0.854,21.613,34.053,96.887
1.956,-1.886,0.823,20.448,19.187,51.165
1.339,-1.836,1.115,27.445,6.613,35.409
2.038,-0.558,0.761,-8.038,39.111,128.4
1.685,-0.136,0.089,-1.519,41.89,93.85
1.707,-0.969,-0.948,20.243,27.421,-12.032
2.503,-0.499,1.098,-26.472,28.55,177.732
1.591,-2.107,0.85,24.521,5.109,19.137
2.852,-0.163,-0.365,-37.306,17.995,133.155
2.279,-0.589,-1.403,-5.968,34.176,16.444
1.733,-0.038,-0.44,-3.123,41.35,71.906
2.475,-2.414,-0.234,16.866,8.965,-9.912
0.164,-0.071,0.944,38.77,9.494,59.416
1.303,-0.309,-0.236,20.059,36.067,43.43
2.509,-2.065,1.193,8.179,23.714,93.793
0.963,-0.353,1.163,24.822,29.974,101.585
1.042,-2.75,1.507,9.933,-10.903,-11.516
2.431,-1.559,0.913,2.265,31.838,102.273
1.118,-2.795,-1.354,-2.171,-9.949,-173.664
1.317,-0.578,-0.615,25.73,29.112,7.105
1.933,-2.473,1.397,17.837,6.316,49.102
2.307,-1.6,-1.251,12.46,21.559,-31.169
0.851,-1.351,-0.877,29.692,-5.908,-78.896
0.319,-0.936,0.359,37.039,-9.869,-14.782
1.08,-0.272,0.83,21.396,34.238,93.85
2.102,-2.676,-0.921,11.837,-5.858,-85.657
0.581,-0.605,-1.309,35.11,1.325,-76.375
2.469,-2.381,-0.503,16.455,8.237,-23.778
0.344,-2.693,-1.474,-6.924,-7.167,-219.042
1.097,-1.6,1.389,29.458,6.5,50.764
2.557,-2.001,-0.061,12.291,22.188,28.361
2.486,-0.476,-0.576,-19.634,34.391,82.162
0.994,-1.951,-0.032,23.603,-11.262,-56.666
0.716,-2.287,0.633,14.106,-17.649,-53.743
1.5,-0.118,0.953,0.967,39.906,133.786
0.369,-1.641,0.896,25.115,-18.179,-21.543
2.157,-0.151,1.165,-23.017,31.435,181.685
2.711,-0.808,-0.054,-21.545,32.41,105.94
0.255,-1.264,-0.683,24.541,-21.043,-96.944
1.305,-1.738,-0.797,25.653,-1.378,-70.474
2.439,-0.443,0.039,-22.446,34.453,116.597
0.479,-1.857,0.062,18.152,-20.946,-75.401
2.596,-0.541,1.365,-27.978,25.087,195.952
1.059,-2.032,1.015,25.233,-5.727,2.406
1.503,-0.365,-0.732,15.688,36.309,23.262
1.224,-1.25,-1.147,29.075,7.063,-67.208
1.359,-0.979,-0.526,29.31,20.975,-8.365
0.31,-2.05,-1.505,3.66,-16.796,-185.925
1.016,-0.887,1.427,29.281,20.73,89.152
1.711,-2.764,-0.106,11.334,-10.752,-66.406
0.957,-0.915,-0.495,35.439,9.742,-25.955
0.709,-0.656,0.701,36.969,14.388,43.201
2.418,-1.963,0.42,13.116,23.543,50.134
0.999,-2.402,-0.378,9.998,-15.786,-102.044
2.031,-0.631,0.629,-5.133,39.604,116.253
1.426,-2.393,0.512,19.901,-6.893,-26.07
2.795,-1.489,0.223,-7.159,31.984,87.605
2.732,-0.19,0.393,-36.877,19.221,168.163
1.112,-1.83,0.812,28.742,-1.358,5.386
1.271,-2.676,-0.277,7.1,-14.286,-96.372
0.631,-1.493,-0.709,25.623,-14.442,-90.012
1.36,-1.638,-1.157,24.897,1.708,-82.219
0.356,-0.328,0.575,40.055,8.898,34.549
3.063,-1.139,-0.694,-19.561,27.396,70.474
0.83,-0.447,-1.441,32.798,13.324,-60.619
2.257,-2.088,-0.037,18.764,15.321,7.563
2.929,-2.252,-0.794,9.422,16.036,-6.704
1.494,-2.708,0.371,12.749,-11.136,-48.3
2.93,-1.801,-1.528,1.247,20.497,-22.861
2.918,-1.053,0.832,-25.448,26.74,154.527
1.07,-1.192,1.498,29.72,15.49,78.839
2.224,-0.602,-0.448,-7.315,38.623,67.265
2.955,-1.832,0.666,-5.53,28.286,102.502
1.637,-1.395,-1.183,23.967,14.393,-53.915
1.67,-3.047,-0.217,2.711,-13.655,-91.329
2.546,-3.094,0.577,13.187,-3.434,1.662
0.5,-1.486,1.5,29.656,-8.682,29.45
1.239,-0.773,-1.425,27.661,18.21,-54.947
1.719,-0.042,0.789,-9.081,39.475,141.291
2.547,-0.224,0.594,-32.478,25.243,167.132
1.51,-1.466,-0.591,27.954,11.821,-31.341
0.689,-0.139,1.01,29.627,26.399,89.381
2.868,-3.074,-0.255,13.429,-3.386,-26.413
1.744,-2.922,1.507,11.686,-4.595,18.85
2.609,-1.438,-0.086,-0.696,32.68,62.166
2.14,-0.707,-0.866,0.538,36.807,32.487
2.331,-0.467,1.16,-21.964,31.911,173.262
1.739,-2.385,-1.108,14.13,-5.341,-100.497
1.569,-0.32,1.136,2.62,38.989,136.65
3.028,-0.451,1.217,-37.263,9.716,217.38
0.865,-3.02,-1.243,-8.857,-6.174,-194.691
2.256,-3.012,-1.511,3.299,-8.856,-129.89
0.275,-2.675,0.35,-5.515,-16.383,-117.456
2.058,-0.908,-1.027,8.387,33.188,7.047
0.326,-0.183,-1.268,37.625,2.205,-64.458
0.934,-1.843,1.028,27.802,-5.387,6.818
2.143,-0.872,-0.233,1.964,37.957,59.473
0.087,-0.696,0.962,37.622,-9.294,20.225
1.774,-0.077,-0.199,-5.158,41.521,85.829
0.52,-1.325,-0.384,29.633,-14.47,-68.125
3.077,-2.176,1.299,-3.844,23.002,126.051
1.446,-1.764,-0.497,26.755,2.646,-46.696
2.421,-1.867,0.898,8.901,26.769,83.193
2.149,-2.643,-0.652,14.191,-4.174,-65.661
2.022,-0.755,-0.688,5.499,36.875,33.174
2.233,-0.963,0.436,-2.899,37.998,97.747
2.083,-0.73,-0.918,3.334,36.212,24.924
0.519,-2.62,-1.119,-4.951,-11.565,-184.492
2.62,-0.819,0.668,-21.851,32.133,141.463
2.324,-1.113,1.483,-7.239,33.401,154.355
2.547,-0.883,-0.757,-9.948,34.473,51.967
2.844,-1.359,-1.526,-5.504,25.778,-2.349
1.773,-3.053,-1.554,-2.222,-9.178,-162.376
2.673,-2.944,1.052,12.967,4.657,44.748
2.36,-1.859,-1.429,12.956,15.626,-53.17
2.134,-2.383,-1.266,14.182,0.425,-86.803
2.479,-0.674,0.589,-20.543,34.091,137.166
1.373,-1.111,-0.958,28.605,15.578,-39.878
1.784,-2.29,-1.516,13.665,-2.38,-115.852
2.859,-1.122,-1.156,-12.069,28.894,33.289
0.037,-0.552,0.894,38.711,-8.098,21.715
2.342,-2.021,-1.511,13.348,11.41,-68.182
0.184,-0.689,0.88,38.601,-5.885,21.486
2.231,-0.265,0.141,-20.121,36.52,120.722
0.845,-1.761,-0.334,24.582,-12.672,-71.62
1.714,-0.307,-0.981,7.053,38.042,24.408
1.688,-2.538,-1.04,11.0,-8.321,-108.289
1.239,-0.491,0.827,20.662,34.2,90.241
2.71,-0.725,0.819,-27.232,27.983,160.657
0.641,-1.455,-1.376,22.844,-12.509,-125.478
1.426,-2.573,-1.02,7.698,-11.165,-124.16
0.204,-1.247,-0.485,25.046,-22.164,-87.548
1.862,-0.419,0.129,-1.223,41.231,90.069
0.342,-1.607,0.523,24.235,-20.339,-42.513
2.174,-2.002,-1.478,15.304,9.504,-74.828
1.823,-0.932,-0.921,16.334,30.487,-1.719
2.303,-1.651,0.728,9.266,29.652,79.068
1.683,-0.171,-0.285,1.748,41.523,70.302
1.283,-2.855,-0.398,1.615,-14.104,-112.873
2.681,-1.568,0.139,-0.937,31.655,71.734
1.325,-2.621,-0.906,5.836,-12.439,-126.165
2.544,-0.294,0.406,-30.7,27.795,152.178
0.725,-1.363,1.303,32.873,-0.117,38.102
0.146,-2.238,1.497,7.866,-20.405,-34.091
1.862,-1.846,-1.187,20.313,8.236,-67.093
2.895,-1.642,0.918,-10.091,29.267,124.389
1.619,-2.142,1.233,22.935,6.906,40.68
0.79,-2.576,-0.983,-0.433,-13.732,-158.652
1.772,-1.503,-0.743,23.749,16.826,-27.158
0.53,-2.084,0.347,14.584,-20.527,-69.156
2.115,-1.461,-0.326,15.892,27.295,18.793
1.708,-0.269,-0.963,6.309,38.427,27.273
2.387,-2.125,-0.409,16.985,14.409,-8.422
0.478,-1.015,-0.735,33.1,-10.548,-72.88
2.804,-2.529,-0.38,13.931,9.982,-6.016
1.166,-0.883,0.401,31.289,22.803,39.19
1.03,-3.131,-1.191,-9.85,-6.078,-188.618
2.696,-0.282,-0.589,-30.571,26.473,104.565
0.576,-2.223,-0.619,6.223,-18.918,-129.832
2.485,-2.475,1.429,11.698,14.714,82.449
2.66,-0.555,1.244,-29.48,24.184,191.884
1.593,-1.802,-0.921,23.77,4.005,-64.744
0.233,-2.144,-0.481,1.889,-21.595,-137.052
0.133,-0.777,-0.627,33.242,-17.085,-72.823
1.444,-2.544,-0.018,14.374,-11.114,-64.057
2.354,-0.093,0.691,-29.778,28.017,169.137
2.932,-1.092,-1.372,-14.19,26.827,26.814
0.664,-2.092,0.97,19.538,-15.801,-26.241
2.661,-1.949,0.156,8.119,25.424,49.733
2.902,-2.035,-1.197,6.313,18.151,-18.908
2.616,-1.062,0.4,-13.984,34.586,111.956
2.92,-0.389,-1.538,-28.405,20.717,56.895
1.965,-3.054,0.256,8.853,-11.009,-47.727
1.444,-1.851,-1.103,22.338,-0.81,-86.517
0.558,-0.543,0.103,39.832,8.449,6.761
1.557,-2.694,1.073,15.428,-6.347,-3.667
2.569,-2.368,-1.103,13.51,7.27,-51.681
0.24,-2.719,-1.49,-7.807,-5.789,-227.407
3.131,-1.033,1.278,-30.904,17.767,193.431
0.071,-0.28,0.21,41.486,-3.565,0.057
1.065,-3.093,-0.806,-8.647,-9.31,-162.376
1.27,-1.519,-1.375,25.15,1.958,-93.048
3.102,-2.868,-1.268,10.48,0.499,-59.244
1.514,-0.708,-0.578,21.872,31.207,13.063
0.985,-0.454,0.374,30.417,27.525,51.853
2.728,-0.14,0.916,-37.144,15.066,200.764
0.089,-2.888,-1.015,-11.471,-2.409,-218.526
0.147,-1.146,-0.267,27.555,-22.173,-72.536
1.518,-2.573,1.024,17.587,-5.343,-1.776
2.444,-3.074,-0.494,9.64,-9.379,-64.4
2.828,-1.153,0.569,-19.347,30.89,128.572
2.617,-2.012,0.146,10.364,23.619,43.029
1.47,-0.552,1.542,10.112,35.186,140.948
0.244,-0.541,1.334,37.675,2.109,59.416
2.927,-2.927,0.938,11.87,7.82,53.743
2.181,-2.858,0.45,14.972,-3.659,-13.006
0.84,-0.715,1.429,31.274,19.167,89.038
1.747,-1.997,-0.318,23.92,5.113,-32.544
2.831,-1.5,-0.236,-5.357,30.983,62.739
1.059,-0.708,0.951,29.108,25.555,74.599
3.139,-3.12,0.097,13.956,1.149,6.646
0.316,-2.293,-1.085,-1.367,-16.336,-175.44
0.098,-1.324,1.118,27.334,-19.982,-6.188
2.527,-0.812,0.488,-18.145,34.685,126.223
0.911,-2.648,-0.588,0.833,-15.008,-133.213
2.775,-0.237,-0.878,-31.717,23.482,95.111
2.237,-0.687,1.107,-13.504,35.797,152.235
2.368,-0.601,0.756,-19.193,34.839,144.557
0.222,-0.81,-1.183,30.768,-15.001,-101.471
2.668,-0.612,1.215,-28.669,25.072,187.414
0.492,-0.808,-1.111,34.11,-6.161,-81.761
0.623,-1.271,-0.126,33.201,-9.304,-44.347
2.519,-0.571,0.586,-24.402,32.043,145.188
2.884,-3.009,-0.79,11.949,-3.932,-52.426
0.77,-0.82,0.53,37.345,11.417,27.502
1.864,-0.888,1.128,5.231,36.791,120.55
1.871,-0.851,-0.92,13.344,32.719,5.73
0.58,-1.158,0.78,36.015,-3.144,11.574
2.36,-3.104,-0.293,9.303,-10.203,-59.416
1.859,-2.966,0.505,10.808,-9.651,-34.492
2.997,-1.764,-1.508,-0.788,21.145,-15.756
0.529,-1.27,0.751,34.318,-7.725,0.573
1.837,-0.753,0.644,5.669,38.877,99.007
1.953,-2.959,0.563,11.975,-8.165,-25.382
0.197,-2.477,-1.506,-5.395,-10.351,-216.922
3.108,-2.651,1.473,3.641,15.795,110.581
0.332,-2.849,0.864,-5.104,-14.282,-94.71
1.019,-0.575,1.503,25.002,26.953,111.555
1.687,-2.285,-0.081,21.228,-2.248,-38.904
0.243,-2.719,0.972,-3.315,-16.204,-86.173
1.964,-2.441,0.353,20.134,2.089,-7.105
2.796,-3.113,-1.007,9.197,-7.933,-75.86
1.91,-0.652,0.889,-1.158,39.166,123.014
2.996,-1.793,-1.475,-0.162,20.948,-15.584
0.439,-2.334,-1.531,-0.095,-13.22,-196.295
2.465,-0.96,-0.832,-4.778,34.458,38.56
0.326,-1.098,1.212,34.455,-8.307,25.21
1.404,-1.661,-0.119,29.183,6.011,-21.543
1.838,-1.909,-1.409,18.792,5.967,-84.798
2.243,-1.224,1.368,-1.556,33.799,136.765
1.921,-1.054,1.358,5.782,34.684,127.483
0.093,-2.591,-0.17,-8.999,-14.638,-152.865
0.525,-1.978,-0.496,12.485,-20.407,-111.669
0.52,-2.171,0.061,10.272,-20.972,-91.1
1.578,-0.762,-1.395,19.994,26.742,-33.174
2.098,-0.126,0.409,-19.982,36.488,136.421
2.859,-2.824,-0.539,13.796,1.776,-28.877
0.93,-2.579,1.532,12.61,-11.41,-6.704
1.508,-2.908,1.516,10.578,-7.013,6.646
2.902,-1.412,0.357,-13.461,31.023,105.825
0.359,-0.052,0.435,38.502,15.622,42.513
2.89,-2.92,-0.161,14.322,1.686,-10.943
2.765,-2.855,-0.619,13.446,-0.735,-40.623
2.569,-3.003,-0.721,10.617,-7.154,-66.177
0.456,-0.389,0.597,39.245,11.336,38.044
2.975,-2.816,1.357,8.245,11.796,86.86
1.246,-3.02,-0.206,-2.359,-13.784,-113.446
1.457,-1.708,0.186,28.888,8.056,-3.724
1.979,-2.843,0.002,12.635,-8.435,-49.389
2.989,-2.05,0.164,1.861,25.237,63.197
2.973,-0.636,-1.008,-27.62,24.027,76.146
0.674,-2.85,-1.227,-7.374,-7.804,-194.978
1.175,-1.604,1.21,29.665,7.99,44.748
1.689,-2.825,-0.256,8.683,-11.955,-79.756
2.643,-0.625,-0.606,-20.861,32.456,80.902
2.333,-0.116,-1.438,-18.645,31.906,44.633
0.36,-1.131,1.529,33.239,-6.274,43.43
2.268,-0.689,-1.505,-3.186,33.176,4.24
2.11,-0.426,0.501,-13.131,38.776,125.191
0.065,-2.131,0.989,6.36,-23.731,-61.708
1.81,-2.564,-1.007,11.586,-7.351,-100.898
2.152,-1.136,-0.793,9.754,31.728,12.777
2.612,-2.74,0.559,15.189,6.771,24.694
0.184,-1.992,0.439,9.797,-24.701,-78.438
2.813,-0.531,0.9,-33.606,20.942,182.315
3.091,-1.124,0.909,-28.262,22.579,164.783
0.609,-0.002,-1.468,33.463,16.007,-49.332
2.594,-1.45,-0.146,0.406,32.358,57.181
0.997,-0.357,0.43,28.126,30.159,61.306
0.317,-2.733,-1.346,-8.038,-6.746,-215.547
1.827,-0.756,-0.844,12.842,34.202,13.006
3.015,-1.381,-1.484,-9.345,24.62,8.594
1.642,-2.334,-0.916,15.72,-6.069,-92.132
2.919,-2.737,1.457,7.573,13.059,93.908
0.881,-1.13,0.047,36.109,4.174,-11.574
0.169,-0.129,-1.352,37.318,-2.566,-75.172
0.954,-1.428,-1.565,24.965,-3.976,-116.826
2.748,-2.947,1.069,12.505,5.606,49.847
1.051,-2.935,-0.895,-5.434,-10.907,-159.225
2.379,-0.65,-0.686,-10.567,36.58,59.759
1.663,-1.633,-0.713,25.355,10.814,-39.133
2.812,-2.832,0.574,13.852,7.248,31.742
0.822,-2.764,1.058,5.355,-14.886,-50.649
1.433,-2.989,-1.061,-2.945,-11.135,-149.943
2.793,-1.99,-1.365,7.199,17.413,-32.2
3.001,-0.009,-0.467,-40.511,8.71,144.672
3.009,-0.736,-0.12,-31.386,23.658,123.358
2.56,-0.811,1.478,-21.576,28.831,184.893
1.155,-0.732,-0.118,31.439,23.64,17.475
1.761,-0.097,0.578,-8.426,40.35,128.457
3.13,-2.462,0.516,5.536,19.346,67.838
2.121,-0.228,0.926,-19.977,34.704,161.517
0.923,-3.068,0.858,-1.822,-13.068,-73.74
2.956,-1.877,-0.197,0.443,26.608,50.535
1.267,-1.69,-0.969,25.316,-1.576,-79.756
2.278,-2.259,0.963,16.232,16.05,56.264
3.04,-1.929,1.15,-7.985,25.762,129.546
0.375,-2.208,1.569,13.117,-17.686,-15.126
0.122,-0.857,0.805,36.202,-12.629,4.011
1.993,-1.183,0.868,8.79,34.671,96.142
1.72,-0.969,1.539,10.048,33.371,131.207
1.105,-1.655,-1.118,24.461,-4.962,-95.569
3.051,-0.765,-0.668,-28.653,23.869,92.705
2.159,-1.4,-1.256,13.467,23.927,-28.476
1.647,-0.272,0.542,1.178,41.183,109.836
0.333,-0.335,1.432,36.073,10.473,81.933
2.935,-0.87,0.228,-28.104,26.741,131.379
2.973,-2.536,1.499,3.988,17.264,110.925
2.405,-1.339,-0.987,6.25,29.134,4.526
1.955,-1.816,-0.933,20.746,11.749,-45.493
